<?xml version="1.0"?>
<doc>
    <assembly>
        <name>AppSAAS.Application</name>
    </assembly>
    <members>
        <member name="T:AppSAAS.Application.SystemAppService">
            <summary>
            系统服务接口
            </summary>
        </member>
        <member name="M:AppSAAS.Application.SystemAppService.GetDescription">
            <summary>
            获取系统描述
            </summary>
            <returns></returns>
        </member>
    </members>
</doc>
